{
  "micro_f1": {
    "mean": 0.49418583290650886,
    "std": 0.0029366327069945616
  },
  "macro_f1": {
    "mean": 0.39792306781833026,
    "std": 0.012352229660165666
  },
  "weighted_f1": {
    "mean": 0.49678969164285525,
    "std": 0.007984062834773238
  },
  "micro_precision": {
    "mean": 0.46021091004598114,
    "std": 0.00881300385284563
  },
  "micro_recall": {
    "mean": 0.5338681755750381,
    "std": 0.007497720066148923
  },
  "macro_precision": {
    "mean": 0.4316391046314313,
    "std": 0.006374025479377562
  },
  "macro_recall": {
    "mean": 0.4127173256927966,
    "std": 0.023405461750121436
  },
  "subset_accuracy": {
    "mean": 0.11367391278819912,
    "std": 0.0040245635328956374
  },
  "balanced_accuracy_macro": {
    "mean": 0.6926610987802693,
    "std": 0.011476860092542823
  },
  "mcc_macro": {
    "mean": 0.38645662195881536,
    "std": 0.013063044978988055
  },
  "hamming_loss": {
    "mean": 0.04261635751481821,
    "std": 0.0011102461826339716
  },
  "jaccard_samples": {
    "mean": 0.3876755724248052,
    "std": 0.00637132142389876
  },
  "lrap": {
    "mean": 0.5893154751334182,
    "std": 0.009072669659716667
  },
  "map_macro": {
    "mean": 0.33961555993010617,
    "std": 0.010728282546933428
  },
  "map_micro": {
    "mean": 0.47050405989255717,
    "std": 0.006353039347864563
  },
  "auc_macro": {
    "mean": 0.865534585167708,
    "std": 0.00771160131429664
  },
  "auc_micro": {
    "mean": 0.9125461929101697,
    "std": 0.00464114299979135
  }
}