{
  "micro_f1": 0.49499454851818814,
  "macro_f1": 0.40956607626203884,
  "weighted_f1": 0.5064122501863487,
  "micro_precision": 0.4552415679124886,
  "micro_recall": 0.542354474370113,
  "macro_precision": 0.42846886983202764,
  "macro_recall": 0.43501351262088456,
  "weighted_precision": 0.4992079883387421,
  "weighted_recall": 0.542354474370113,
  "subset_accuracy": 0.11820781696854146,
  "hamming_loss": 0.043366131009124335,
  "jaccard_samples": 0.3945497386731778,
  "lrap": 0.5958023977921661,
  "map_macro": 0.35379456501518713,
  "map_micro": 0.48231145287128474,
  "auc_micro": 0.9194013856393057,
  "balanced_accuracy_macro": 0.7033448582902022,
  "mcc_macro": 0.39711767592934955,
  "auc_macro": 0.8768089154919044,
  "fold": 0
}